"thresh_min","thresh_1se"
0.0905436425441308,0.735231560421584
